Available Papers for Gift Wrap,Available Papers for Gift Wrap
Print This Page,Print This Page
Items to giftwrap,Items to giftwrap
Item,Item
Style Selection,Style Selection
Style Image,Style Image
Style Price,Style Price
Personal Message,Personal Message
Wrap all available items in cart,Wrap all available items in cart
View available papers,View available papers
Type your personal message here,Type your personal message here
Gift Wrap,Gift Wrap
Gift Wrap Information,Gift Wrap Information
Loading...,Loading...
Please wait...,Please wait...
Wrap all items together,Wrap all items together
Gift Wrap Tooltip,Gift Wrap Tooltip
Giftwrap Amount,Giftwrap Amount
